google.com,,,,
Time,Request,Resp. Size,Analysis,Total time
02:10:45.031,GET http://www.google.com/,64210,[HTML],717 ms
02:10:45.762,GET http://www.google.com.hk/,64642,[HTML],152 ms
02:10:45.928,GET https://www.google.com.hk/,64013,[HTML],1597 ms
02:10:48.145,GET https://www.google.com.hk/images/branding/googlelogo/2x/googlelogo_color_120x44dp.png,5463,[Image],232 ms
02:10:48.181,GET https://www.google.com.hk/images/branding/googlelogo/1x/googlelogo_color_272x92dp.png,6345,[Image],233 ms
02:10:48.182,GET https://ssl.gstatic.com/gb/images/i1_1967ca6a.png,7364,[Image],2407 ms
02:10:48.195,"GET https://www.google.com.hk/xjs/_/js/k=xjs.s.zh_CN.GBypzlRLkmM.O/m=sx,c,sb,cdos,cr,elog,hsm,jsa,r,qsm,j,d,csi/am=gCMo5fGCBiD-HCE6xC2SBakABgwg/rt=j/d=1/t=zcms/rs=ACT90oFmtyyGD0wkrQM5Y4DLbUvu76u-0g",127838,[JavaScript],623 ms
02:10:48.762,"GET https://www.gstatic.com/og/_/js/k=og.og2.en_US.WUvbWosABPk.O/rt=j/m=def/exm=in,fot/d=1/ed=1/rs=AA2YrTuF0obpGpUZH8IU0aKROPwgdlqJdw",11142,[JavaScript],1694 ms
02:10:49.007,GET https://www.google.com/textinputassistant/tia.png,297,[Image],2000 ms
02:10:49.008,"GET https://www.google.com.hk/xjs/_/js/k=xjs.s.zh_CN.GBypzlRLkmM.O/m=sy49,sy53,em3,em1,em2,sy55,em0,sy335,aa,abd,sy83,sy84,sy79,sy82,sy87,sy81,sy88,sy80,em12,em13,sy85,em14,async,sy363,sy357,sy29,sy353,sy364,sy358,sy361,sy30,sy118,sy365,sy368,sy367,sy31,sy354,dvl,sy90,foot,fpe,ipv6,sy161,sy154,lu,m,sf,vm/am=gCMo5fGCBiD-HCE6xC2SBakABgwg/rt=j/d=0/t=zcms/rs=ACT90oFmtyyGD0wkrQM5Y4DLbUvu76u-0g",23761,[JavaScript],732 ms
02:10:50.037,"GET https://www.gstatic.com/og/_/js/k=og.og2.en_US.WUvbWosABPk.O/rt=j/m=def/exm=in,fot/d=1/ed=1/rs=AA2YrTuF0obpGpUZH8IU0aKROPwgdlqJdw",48298,[JavaScript],2007 ms
02:10:51.657,"GET https://apis.google.com/_/scs/abc-static/_/js/k=gapi.gapi.en.ht56ryQzVZ8.O/m=gapi_iframes,googleapis_client,plusone/rt=j/sv=1/d=1/ed=1/rs=AHpOoo9BOneF1L6M_FnbxCRKqYNTbnMzBg/cb=gapi.loaded_0",43246,[JavaScript],2086 ms
02:10:53.018,GET https://www.google.com.hk/images/nav_logo242.png,17163,[Image],943 ms
02:10:53.027,POST https://www.google.com.hk/gen_204,¡ª,[HTML],224 ms
02:11:01.678,GET https://p5-fczrtfldlaizm-sstok2i47e3vu674-174809-i1-v6exp3.v4.metric.gstatic.com/v6exp3/6.gif,74,[Image],637 ms
02:11:01.679,GET https://p5-fczrtfldlaizm-sstok2i47e3vu674-174809-i2-v6exp3.ds.metric.gstatic.com/v6exp3/6.gif,74,[Image],638 ms
02:11:04.070,"GET https://www.gstatic.com/og/_/ss/k=og.og2.-9fzxq99yv60a.L.F4.O/m=lg/excm=in,fot/d=1/ed=1/rs=AA2YrTt9VNY7n-pAO9i5H6Nt3cXUffzd3w",2365,[TXT],281 ms
02:11:04.071,"GET https://www.gstatic.com/og/_/js/k=og.og2.en_US.WUvbWosABPk.O/rt=j/m=lat/exm=in,fot,def/d=1/ed=1/rs=AA2YrTuF0obpGpUZH8IU0aKROPwgdlqJdw",6148,[JavaScript],280 ms
,,,,
facebook.com,,,,
Time,Request,Resp. Size,Analysis,Total time
02:11:43.829,GET https://www.facebook.com/,24922,[HTML],528 ms
02:11:45.113,GET https://www.facebook.com/rsrc.php/v3/y3/r/blFYy1QN-9y.css,5308,[TXT],12489 ms
02:11:45.113,GET https://www.facebook.com/rsrc.php/v3/y8/r/FKWucYWM6LK.css,4220,[TXT],12465 ms
02:11:45.114,GET https://www.facebook.com/rsrc.php/v3/yt/r/cmwoLTN4MJd.css,8981,[TXT],12440 ms
02:11:45.114,GET https://www.facebook.com/rsrc.php/v3/yJ/r/WpuyHyZUJ5S.css,15569,[TXT],12653 ms
02:11:45.115,GET https://www.facebook.com/rsrc.php/v3/y3/r/p9sHLFleblt.css,4158,[TXT],12798 ms
02:11:45.115,GET https://www.facebook.com/rsrc.php/v3/yV/r/b-a0CQYrYwE.js,46891,[JavaScript],12787 ms
02:11:45.116,GET https://www.facebook.com/rsrc.php/v3/yx/r/pyNVUg5EM0j.png,42064,[Image],12923 ms
02:11:45.116,GET https://www.facebook.com/rsrc.php/v3/yb/r/GsNJNwuI-UM.gif,2063,[Image],12923 ms
02:11:58.112,GET https://www.facebook.com/rsrc.php/v3/yD/r/2wuGfVYB2an.png,15354,[Image],300 ms
02:11:58.176,GET https://www.facebook.com/rsrc.php/v3irhF4/yE/l/zh_CN/BgY0ZbcWths.js,10838,[JavaScript],286 ms
,,,,
baidu.com,,,,
Time,Request,Resp. Size,Analysis,Total time
01:27:24.149,GET http://www.baidu.com/,¡ª,[MIME],1 ms
01:27:24.152,GET https://www.baidu.com/,36522,[HTML],209 ms
01:27:24.347,GET https://ss0.bdstatic.com/5aV1bjqh_Q23odCf/static/superman/css/super_min_c53cfdce.css,6139,[TXT],36 ms
01:27:24.473,GET https://ss0.bdstatic.com/5aV1bjqh_Q23odCf/static/superman/img/logo/bd_logo1_31bdc765.png,4077,[Image],564 ms
01:27:24.475,GET https://ss0.bdstatic.com/5aV1bjqh_Q23odCf/static/superman/js/lib/jquery-1.10.2_d88366fd.js,41807,[JavaScript],44 ms
01:27:24.475,GET https://ss0.bdstatic.com/5aV1bjqh_Q23odCf/static/superman/js/sbase_f1d73ac3.js,15889,[JavaScript],39 ms
01:27:24.476,GET https://ss0.bdstatic.com/5aV1bjqh_Q23odCf/static/superman/img/copy_rignt_24.png,702,[Image],39 ms
01:27:24.476,GET https://ss0.bdstatic.com/5aV1bjqh_Q23odCf/static/superman/js/min_super_af0391fe.js,17644,[JavaScript],41 ms
01:27:24.476,GET https://ss0.bdstatic.com/5aV1bjqh_Q23odCf/static/superman/img/logo_top_ca79a146.png,2007,[Image],45 ms
01:27:24.499,GET https://ss1.bdstatic.com/kvoZeXSm1A5BphGlnYG/icon/weather/aladdin/png_18/a1.png,1952,[Image],11 ms
01:27:24.514,GET https://ss0.bdstatic.com/5aV1bjqh_Q23odCf/static/superman/img/icon-police.png,1244,[Image],13 ms
01:27:24.569,GET https://ss1.bdstatic.com/5eN1bjq8AAUYm2zgoY3K/r/www/cache/static/protocol/https/global/js/all_async_search_240007d.js,78346,[JavaScript],29 ms
01:27:24.574,GET https://ss1.bdstatic.com/5eN1bjq8AAUYm2zgoY3K/r/www/cache/static/protocol/https/plugins/every_cookie_a70bc15.js,5933,[JavaScript],90 ms
01:27:24.620,GET https://ss1.bdstatic.com/5eN1bjq8AAUYm2zgoY3K/r/www/cache/static/protocol/https/home/js/nu_instant_search_7881c1c.js,6194,[JavaScript],17 ms
01:27:24.636,GET https://ss1.bdstatic.com/5eN1bjq8AAUYm2zgoY3K/r/www/cache/static/protocol/https/plugins/swfobject_0178953.js,4281,[JavaScript],15 ms
01:27:24.637,GET https://ss1.bdstatic.com/5eN1bjq8AAUYm2zgoY3K/r/www/cache/static/protocol/https/soutu/js/tu_329aca4.js,6135,[JavaScript],16 ms
01:27:24.646,GET https://ss1.bdstatic.com/5eN1bjq8AAUYm2zgoY3K/r/www/cache/static/protocol/https/sug/js/bdsug_async_97a395d.js,11245,[JavaScript],19 ms
01:27:24.719,GET https://ss1.bdstatic.com/5aV1bjqh_Q23odCf/static/message/js/mt_show_1.8.js,6811,[JavaScript],17 ms
01:27:24.731,GET https://ss1.bdstatic.com/5eN1bjq8AAUYm2zgoY3K/r/www/cache/static/protocol/https/soutu/css/soutu.css,2639,[TXT],16 ms
01:27:24.753,GET https://sp0.baidu.com/5a1Fazu8AA54nxGko9WTAnF6hhy/su,292,[JavaScript],24 ms
01:27:25.140,GET https://ss1.bdstatic.com/5eN1bjq8AAUYm2zgoY3K/r/www/cache/static/protocol/https/plugins/env.swf,1703,[MIME],18 ms
01:27:25.143,GET https://ss1.bdstatic.com/5eN1bjq8AAUYm2zgoY3K/r/www/cache/static/protocol/https/soutu/img/camera_new_5606e8f.png,1024,[Image],17 ms
01:27:25.176,GET https://ss0.bdstatic.com/5aV1bjqh_Q23odCf/static/superman/js/min_notice_b86f6d56.js,5502,[JavaScript],14 ms
01:27:25.178,GET https://ss0.bdstatic.com/5aV1bjqh_Q23odCf/static/superman/js/super_load_84510674.js,14450,[JavaScript],21 ms
01:27:25.183,GET https://ss0.bdstatic.com/5aV1bjqh_Q23odCf/static/tipsplus/js/min_tips_e4616384.js,2154,[JavaScript],21 ms
01:27:25.183,GET https://ss0.bdstatic.com/5aV1bjqh_Q23odCf/static/activity/js/activity_start_52498d2c.js,1392,[JavaScript],21 ms
01:27:25.196,GET https://ss0.bdstatic.com/5aV1bjqh_Q23odCf/static/superman/css/mt_min_d0e7c6d2.css,2767,[TXT],18 ms
01:27:25.220,GET https://www.baidu.com/home/xman/data/tipspluslist,512,[HTML],99 ms
01:27:25.222,GET https://ss0.bdstatic.com/5aV1bjqh_Q23odCf/static/superui/js/ubase_d1f77074.js,15840,[JavaScript],19 ms
01:27:25.227,GET https://ss0.bdstatic.com/5aV1bjqh_Q23odCf/static/superman/css/nsguide_a8cbc2e7.css,1276,[TXT],13 ms
01:27:25.228,GET https://ss0.bdstatic.com/5aV1bjqh_Q23odCf/static/superman/css/super_ext_c02dfc40.css,3274,[TXT],16 ms
01:27:25.233,GET https://ss0.bdstatic.com/5aV1bjqh_Q23odCf/static/superman/img/blank_56a92bd4.png,456,[Image],14 ms
01:27:25.240,GET https://www.baidu.com/home/msg/data/personalcontent,483,[HTML],181 ms
01:27:25.253,GET https://ss0.bdstatic.com/5aV1bjqh_Q23odCf/static/superui/css/ubase_83c8f0ba.css,2540,[TXT],12 ms
,,,,
amazon.com,,,,
Time,Request,Resp. Size,Analysis,Total time
01:31:41.838,GET http://www.amazon.com/,¡ª,[MIME],1 ms
01:31:41.842,GET https://www.amazon.com/,58997,[HTML],897 ms
01:31:42.437,"GET https://images-na.ssl-images-amazon.com/images/I/61KNgNbUAlL._RC%7C11GoULn9O1L.css,21NIi2PXUkL.css,318Lc7ZjZUL.css,310HgKKWalL.css_.css",23048,[TXT],262 ms
01:31:42.438,"GET https://images-na.ssl-images-amazon.com/images/I/71cPoLSdncL._RC%7C01A7OPUhDKL.css,31+C8rQtOEL.css,21E1MhZOpTL.css,31d4ZsgKOkL.css,01EnpDxOA4L.css,31UlxNhlUML.css_.css",31629,[TXT],283 ms
01:31:42.575,GET https://images-na.ssl-images-amazon.com/images/G/01/AUIClients/AmazonGatewayHerotatorJS-ed6ce4798415244198b464cf366c538b1f2f2537._V2_.css,804,[TXT],198 ms
01:31:42.576,GET https://images-na.ssl-images-amazon.com/images/G/01/AUIClients/AmazonGatewayAuiAssets-583fcba40f2aab72c27ea9ffd6412668d85ee1ef._V2_.css,8766,[TXT],230 ms
01:31:42.744,GET https://images-na.ssl-images-amazon.com/images/G/01/x-locale/redirect-overlay/redirect-overlay-nav-https-20140702._CB292562555_.css,2395,[TXT],85 ms
01:31:42.745,GET https://images-na.ssl-images-amazon.com/images/G/01/x-locale/redirect-overlay/redirect-overlay-nav-mx-https-20150828._CB311575010_.css,2363,[TXT],159 ms
01:31:42.830,GET https://fls-na.amazon.com/1/batch/1/OP/ATVPDKIKX0DER:161-5164423-3820518:83CYD3AE1QP09P7NSVXC$uedata=s:%2Fgp%2Fuedata%3Fstaticb%26id%3D83CYD3AE1QP09P7NSVXC:0,291,[Image],861 ms
01:31:42.852,GET https://aax-us-east.amazon-adsystem.com/x/getadi,447,[HTML],1192 ms
01:31:42.882,GET https://images-na.ssl-images-amazon.com/images/G/01/gno/sprites/nav-sprite-global_bluebeacon-1x_optimized._CB281044790_.png,15046,[Image],96 ms
01:31:42.905,GET https://images-na.ssl-images-amazon.com/images/G/01/kindle/merch/2017/ECHO/GW/D_GW_WHT_SINGLE_1500x300._CB536733694_.jpg,101510,[Image],258 ms
01:31:42.906,GET https://images-na.ssl-images-amazon.com/images/G/01/gateway/yiyiz/AV._CB299522610_.png,62272,[Image],160 ms
01:31:42.906,GET https://images-na.ssl-images-amazon.com/images/G/01/gateway/yiyiz/Kindle._CB300901238_.png,30110,[Image],102 ms
01:31:42.907,GET https://images-na.ssl-images-amazon.com/images/G/01/gateway/yiyiz/Grocery._CB299522610_.png,52143,[Image],213 ms
01:31:42.907,GET https://images-na.ssl-images-amazon.com/images/G/01/gateway/yiyiz/Music._CB299479121_.png,52761,[Image],248 ms
01:31:42.942,GET https://m.media-amazon.com/images/G/01/AUIClients/AmazonUICarousel-arrows-c495a9b59afd9b35a08c12513d40b8c7e7771499._V2_.png,6445,[Image],281 ms
01:31:42.979,GET https://images-na.ssl-images-amazon.com/images/G/01/poppin/gateway/JAN/MerchSlot_final._UX492_SX492_CB521098344_.jpg,43305,[Image],182 ms
01:31:43.008,GET https://images-na.ssl-images-amazon.com/images/I/31MZICBA2EL._AC_UY600__SY244_.jpg,5074,[Image],160 ms
01:31:43.067,GET https://images-na.ssl-images-amazon.com/images/G/01/AUIClients/GenericObservableJS-c1a60b0cbfbf5d9a43a472c753b5426b6b9787a4._V2_.js,1007,[JavaScript],243 ms
01:31:43.068,POST https://fls-na.amazon.com/1/action-impressions/1/OP/csm/action/csm-features:impression-tracking,354,[Image],1012 ms
01:31:43.121,GET https://images-na.ssl-images-amazon.com/images/G/01/amazonui/loading/loading-2x-gray._V1_.gif,4190,[Image],93 ms
01:31:43.155,GET https://images-na.ssl-images-amazon.com/images/I/61yGn8SWTgL.js,33335,[JavaScript],258 ms
01:31:43.162,GET https://images-na.ssl-images-amazon.com/images/G/01/AUIClients/AmazonGatewayHerotatorJS-3c5a701dab4996300a159a495a7b50721f8291a4._V2_.js,3354,[JavaScript],257 ms
01:31:43.163,GET https://images-na.ssl-images-amazon.com/images/G/01/AUIClients/AmazonGatewayAuiAssets-82aa6507d1a1b968c8edd504a75755081301203d._V2_.js,10027,[JavaScript],256 ms
01:31:43.171,"GET https://images-na.ssl-images-amazon.com/images/I/01KRcg6-T5L._RC%7C118juELdZRL.js,51YTnNJ53iL.js,31LfAU3FcYL.js,213XcqbHDEL.js,01N6xzIJxbL.js,51K9yT87dJL.js,01rpauTep4L.js,31luvn11dxL.js,01yqNhFLqeL.js,61GfPM5WP6L.js,018X-PE063L.js,01BBu+b9t0L.js,01eO7OoSd6L.js_.js",67122,[JavaScript],356 ms
01:31:43.179,GET https://shared-https.ydstatic.com/gouwuex/ext/script/load_url_s.txt,494,[Text],114 ms
01:31:43.188,GET https://dq4ijymydgrfx.cloudfront.net/2016-09-06/feedback-us.js,16972,[JavaScript],287 ms
01:31:43.214,GET https://images-na.ssl-images-amazon.com/images/I/01PDUo7UpYL.js,1370,[JavaScript],215 ms
01:31:43.301,GET https://shared-https.ydstatic.com/gouwuex/ext/script/extension_3_1.js,155966,[JavaScript],60 ms
01:31:43.310,GET https://images-na.ssl-images-amazon.com/images/G/01/dacx/sf/DAsf-1.41._V522922158_.js,10112,[JavaScript],143 ms
01:31:43.414,GET https://images-na.ssl-images-amazon.com/images/G/01/ads/advertising/ads._TTH_.js,604,[JavaScript],82 ms
01:31:43.420,GET https://images-na.ssl-images-amazon.com/images/I/11QXqf0G81L.js,2092,[JavaScript],88 ms
01:31:43.420,"GET https://images-na.ssl-images-amazon.com/images/I/01RKasHhxtL._RC%7C71ckgiXeMqL.js,61y8Wz5AqOL.js,01A18a0oAWL.js,41Y3FLuA56L.js,010XVa0zfKL.js,01wBjiz9OvL.js,21QhSEq5BwL.js,3158lSGQWpL.js,51RgqN98m2L.js_.js",90301,[JavaScript],198 ms
01:31:43.429,GET https://shared-https.ydstatic.com/gouwuex/ext/css/extension_3_1_s.css,47658,[TXT],26 ms
01:31:43.435,GET https://zhushou.huihui.cn/productSense,3773,[JSON],214 ms
01:31:43.592,POST https://www.amazon.com/ah/ajax/counter,488,[HTML],304 ms
01:31:43.611,GET https://images-na.ssl-images-amazon.com/images/G/01/dacx/sf/sf-1.41._V522922159_.html,6290,[HTML],85 ms
01:31:43.781,POST https://www.amazon.com/gp/overlay/display.html,927,[HTML],340 ms
01:31:43.804,POST https://www.amazon.com/gp/redirection/india.html,976,[HTML],307 ms
01:31:43.807,POST https://www.amazon.com/gp/redirection/canada.html,974,[HTML],313 ms
01:31:43.847,GET https://www.amazon.com/empty.gif,356,[Image],330 ms
01:31:43.851,GET https://zhushou.huihui.cn/api/zhushou/promotionActivity.json,419,[JSON],35 ms
01:31:43.875,GET https://images-na.ssl-images-amazon.com/images/G/01/digital/video/merch/gateway/PrimeDesktopHero_AVD-2533_Evergreen_GW_Popcorn_Reel_CTA_PrimeTV_v2_1500x300._CB536139133_.jpg,74159,[Image],165 ms
01:31:43.875,GET https://images-na.ssl-images-amazon.com/images/G/01/kindle/merch/2016/FTVS/NEW/1500x300_Street_ALLNEW._CB527377379_.jpg,62387,[Image],185 ms
01:31:43.876,GET https://images-na.ssl-images-amazon.com/images/G/01/digital/music/merch/2017/Events/GRAMMYs/Grammys_013117_Herotator-1x._CB535304468_.jpg,23127,[Image],100 ms
01:31:43.876,GET https://images-na.ssl-images-amazon.com/images/G/01/digital/music/merch/2017/Other/PrimeUpsell/Phase2/020317_Amazon_GW_DesktopHero_4-1_1500x300._CB535756357_.jpg,95784,[Image],113 ms
01:31:43.913,GET https://www.amazon.com/gp/prime/digital-adoption/navigation-bar,955,[JSON],485 ms
01:31:44.072,GET https://aax-us-east.amazon-adsystem.com/x/getad,1603,[JavaScript],307 ms
01:31:44.088,GET https://images-na.ssl-images-amazon.com/images/G/01/ads/advertising/ads._TTH_.js,604,[JavaScript],89 ms
01:31:44.113,GET https://shared-https.ydstatic.com/gouwuex/images/extension_3_1/hui_sp.png,150889,[Image],37 ms
01:31:44.118,GET https://www.huihui.cn/global/getCartCount,740,[JSON],166 ms
01:31:44.146,GET http://oimagec6.ydstatic.com/image,50030,[Image],50 ms
01:31:44.147,GET https://shared-https.ydstatic.com/gouwuex/images/extension_3_1/hui_container_qrcode.jpg,17252,[Image],24 ms
01:31:44.147,GET https://shared-https.ydstatic.com/gouwuex/images/extension_3_1/icon-pinle-qrcode.jpg,3738,[Image],39 ms
01:31:44.147,GET http://oimagec4.ydstatic.com/image,14514,[Image],40 ms
01:31:44.148,GET https://zhushou.huihui.cn/log,194,[MIME],48 ms
01:31:44.201,GET https://images-na.ssl-images-amazon.com/images/G/01/digital/video/merch/subs/benefit-id/g-l/hbo/heroes/asin2017/GNO-Flyout_AVD-3350_GirlsS6_519x545._CB536733207_.png,84422,[Image],187 ms
01:31:44.202,GET https://images-na.ssl-images-amazon.com/images/G/01/digital/music/merch/2017/Other/PrimeUpsell/Phase2/Flyout/021017_Upsell_1-2_Flyout_Blackbelt._CB535316282_.png,112025,[Image],127 ms
01:31:44.203,GET https://images-na.ssl-images-amazon.com/images/G/01/temp/bb/firetv/FireTV_AppsFlyout._CB535358604_.png,112576,[Image],113 ms
01:31:44.244,GET https://zhushou.huihui.cn/log,194,[MIME],34 ms
01:31:44.271,GET https://images-na.ssl-images-amazon.com/images/G/01/digital/adrive/images/VDay_2017/GW/12844_photos_vday_flyout_519x545._CB520983311_.png,152485,[Image],182 ms
01:31:44.272,GET https://images-na.ssl-images-amazon.com/images/G/01/kindle/merch/2017/E-reader/Jan/Valentines/kp_vday-tpr_flyout_us._CB536214794_.png,75829,[Image],168 ms
01:31:44.273,GET https://images-na.ssl-images-amazon.com/images/G/01/kindle/merch/2017/TAB/JAN/Vday_TPR/GNO_Vday_us-499x502-KET-Blue._CB536574109_.png,121445,[Image],277 ms
01:31:44.280,GET https://d2o307dm5mqftz.cloudfront.net/1001211/1477932637949/1x1Pixel.gif,479,[Image],269 ms
01:31:44.316,GET https://images-na.ssl-images-amazon.com/images/G/01/kindle/merch/2016/FTVS/489468135/519x522._CB278503064_.png,68405,[Image],90 ms
01:31:44.330,GET https://images-na.ssl-images-amazon.com/images/G/01/kindle/merch/2016/B/b-GNO._CB279603587_.png,259201,[Image],167 ms
01:31:44.388,GET https://images-na.ssl-images-amazon.com/images/G/01/prime/InKind/RIF/1029128_us_prime_rif_inkind_p2_td_flyout_us_519x545._CB535372888_.png,64310,[Image],109 ms
01:31:44.406,GET https://images-na.ssl-images-amazon.com/images/G/01/img17/music/other/1028775_us_jan27_music_love_cta_flyout_v4_519x580._CB535013109_.png,146049,[Image],103 ms
01:31:44.441,GET https://images-na.ssl-images-amazon.com/images/G/01/img14/ce-accessories/flyout/electronics_tradein_flyout._CB364719417_.png,38443,[Image],112 ms
01:31:44.447,GET https://zhushou.huihui.cn/log,194,[MIME],34 ms
01:31:44.453,GET https://images-na.ssl-images-amazon.com/images/G/01/img17/tools/other/1028200_us_jan24_tools_wood_flyout_519x580._CB534808514_.png,263640,[Image],175 ms
01:31:44.456,GET https://dq4ijymydgrfx.cloudfront.net/2016-09-06/feedback-us.js,16972,[JavaScript],101 ms
01:31:44.465,GET https://images-na.ssl-images-amazon.com/images/G/01/shazam/DACST-93259-Revlon-LI3W-ATF-IAB-Static-300-250-hUw5v._V535619064_.jpg,24713,[Image],121 ms
01:31:44.498,GET https://images-na.ssl-images-amazon.com/images/G/01/img17/beauty/gateway/1028673_beauty_weblab_T1_flyout_us_519x545._CB536572247_.png,121434,[Image],97 ms
01:31:44.509,GET https://images-na.ssl-images-amazon.com/images/G/01/img16/toys/stem-store/995657_us_toys_stem-traffic_flyout_us_519x535._CB535830470_.png,56317,[Image],107 ms
01:31:44.550,GET https://images-na.ssl-images-amazon.com/images/G/01/img17/baby/gateway/1025021_Baby_trafficdriver_flyout_us_519x545_1._CB536397405_.png,41471,[Image],94 ms
01:31:44.553,GET https://images-na.ssl-images-amazon.com/images/G/01/handmade/2017/Q1/flyout/1027492_hm_vday_flyout_us_519x545._CB535874191_.png,201217,[Image],221 ms
01:31:44.586,GET https://images-na.ssl-images-amazon.com/images/G/01/img16/outdoors/flyout/1023323_us_outdoors_gw_river_flyout_us_519x535._CB523137495_.png,64130,[Image],109 ms
01:31:44.595,GET https://images-na.ssl-images-amazon.com/images/G/01/img17/automotive/other/1026514_us_automotive_parts_and_accessories_winter_driving_flyout_us_519x545._CB536404462_.png,193872,[Image],105 ms
01:31:44.616,GET https://images-na.ssl-images-amazon.com/images/G/01/vas/gno/VAS_GNO_SingleDest_0827._CB311622944_.png,147960,[Image],101 ms
01:31:44.629,GET https://images-na.ssl-images-amazon.com/images/G/01/credit/img16/CBCC/gateway/cbcc_flyout_519x545._CB520505886_.png,116323,[Image],138 ms
01:31:44.644,GET https://images-na.ssl-images-amazon.com/images/G/01/da/adchoices/ac-topright-sprite.png,2121,[Image],121 ms
01:31:44.696,GET https://images-na.ssl-images-amazon.com/images/G/01/productAds/ad_feedback_icon_1Xsprite.png,988,[Image],84 ms
01:31:48.588,POST https://www.amazon.com/ah/ajax/record-impressions,488,[HTML],285 ms
01:31:53.834,POST https://www.amazon.com/gp/redirection/mexico.html,976,[HTML],291 ms
01:31:53.843,POST https://www.amazon.com/ah/ajax/record-impressions,488,[HTML],291 ms
,,,,
linkedin.com,,,,
Time,Request,Resp. Size,Analysis,Total time
01:34:28.183,GET http://www.linkedin.com/,853,[MIME],262 ms
01:34:29.199,GET https://sb.scorecardresearch.com/b,248,[Text],243 ms
01:34:28.943,GET https://static.licdn.com/sc/h/1vbs9z1ssvnc6x8mbnttkgv5r,3725,[Image],59 ms
01:34:28.887,GET https://static.licdn.com/sc/h/4tcd0mh70bs89zecpaumh27p1,8837,[JavaScript],50 ms
01:34:28.937,GET https://static.licdn.com/sc/h/69mv6gmkbz9rnfz5gfbyrrltm,22030,[JavaScript],40 ms
01:34:28.942,"GET https://static.licdn.com/sc/h/6chd2qae3e0qdp6uj9vh6dpaq,c5o9nquj3pnmd0vr1qcxnqlpr,4e1nr80k7wbd3csfcp2d4dlhh,8hj75aeg6xhrq1ipv53vig9s4",70511,[JavaScript],57 ms
01:34:28.943,"GET https://static.licdn.com/sc/h/cbd6bkttqs60kdsi6qi7n6ni6,70z6dxtqbefdzkb9g2zo34rou,23jl1ogbuc0pd0i769311ybao,d4uyozgg6ng4l48vmhl906zpi",27567,[JavaScript],37 ms
01:34:28.865,"GET https://static.licdn.com/sc/h/cfxoakza22hzhnkxg5prelnmu,corgu0ret3ul83isb91oe3b9u",15409,[TXT],77 ms
01:34:28.982,GET https://static.licdn.com/sc/h/cxp4yzrn4stk1mtibiy4cu018,31798,[Image],48 ms
01:34:28.943,GET https://static.licdn.com/sc/h/dapbrw4pqvstwacwsynwf1hpf,1797,[Image],65 ms
01:34:28.943,GET https://static.licdn.com/sc/h/e8dg0fykg16fnqqptq2qr46d,1321,[Image],60 ms
01:34:28.865,GET https://static.licdn.com/sc/h/emq1uxo18n86rxxkyp58bnef6,4943,[TXT],46 ms
01:34:29.446,GET https://static.licdn.com/sc/p/com.linkedin.nux%3Anux-static-content%2B0.4.13/f/%2Fnux-frontend%2Fconcat%2FjoinFormCpDesktopJs_zh_CN.js,4239,[JavaScript],148 ms
01:34:29.450,GET https://static.licdn.com/sc/p/com.linkedin.nux%3Anux-static-content%2B0.4.13/f/%2Fnux-frontend%2Fconcat%2FrumCore_zh_CN.js,6856,[JavaScript],26 ms
01:34:28.738,GET https://static.licdn.com/scds/common/u/lib/fizzy/fz-1.3.8-min.js,10404,[JavaScript],99 ms
01:34:29.193,GET https://www.linkedin.com/analytics/noauthtracker,553,[Image],98 ms
01:34:29.456,GET https://www.linkedin.com/favicon.ico,1701,[Image],246 ms
01:34:28.447,GET https://www.linkedin.com/hp/,9431,[HTML],386 ms
01:34:29.485,POST https://www.linkedin.com/lite/rum-track,1451,[JSON],90 ms
01:34:29.184,POST https://www.linkedin.com/mob/tracking,630,[Text],91 ms
,,,,
qq.com,,,,
Time,Request,Resp. Size,Analysis,Total time
01:35:25.061,GET http://www.qq.com/,52093,[HTML],165 ms
01:35:25.128,GET http://www.qq.com/css/qq_index/qq-170103.css,15247,[TXT],112 ms
01:35:25.128,GET http://mat1.gtimg.com/www/css/qq2012/hot_word_sogou.css,936,[TXT],75 ms
01:35:25.226,GET http://mat1.gtimg.com/www/images/qq2012/sogouSearchLogo20140629.png,2689,[Image],38 ms
01:35:25.240,GET http://mat1.gtimg.com/www/images/qq2012/guanjia2.png,3669,[Image],57 ms
01:35:25.240,GET http://img1.gtimg.com/ninja/2/2017/02/ninja148711804159755.jpg,6279,[Image],114 ms
01:35:25.240,GET http://img1.gtimg.com/ninja/2/2017/02/ninja148711816928702.jpg,4797,[Image],113 ms
01:35:25.265,GET http://img1.gtimg.com/news/pics/hv1/108/139/2185/142115178.jpg,6375,[Image],85 ms
01:35:25.265,GET http://img1.gtimg.com/news/pics/hv1/65/64/2186/142161035.jpg,6319,[Image],76 ms
01:35:25.266,GET http://img1.gtimg.com/v/pics/hv1/49/64/2186/142161019.jpg,7224,[Image],109 ms
01:35:25.266,GET http://img1.gtimg.com/ninja/2/2017/02/ninja148619517012392.jpg,19041,[Image],144 ms
01:35:25.267,GET http://img.gtimg.cn/images/hq_parts_little8_2/hushen/indexs/000001.png,674,[Image],92 ms
01:35:25.268,GET http://pingjs.qq.com/ping.js,5902,[JavaScript],109 ms
01:35:25.268,GET http://imgcache.qq.com/qzone/biz/comm/js/qbs.js,2817,[JavaScript],101 ms
01:35:25.297,GET http://ra.gtimg.com/web/crystal/v2.8Beta07Build071/crystal-min.js,35901,[JavaScript],122 ms
01:35:25.341,GET http://mat1.gtimg.com/www/asset/seajs/sea.js,4011,[JavaScript],37 ms
01:35:25.351,GET http://mat1.gtimg.com/www/asset/lib/jquery/jquery/jquery-1.11.1.min.js,33862,[JavaScript],52 ms
01:35:25.353,GET http://www.qq.com/js/qq_index/qq-170103.js,51640,[JavaScript],246 ms
01:35:25.354,GET http://mat1.gtimg.com/www/js/qq2012/hot_word_sogou_v1.4.min.js,2039,[JavaScript],75 ms
01:35:25.359,GET http://img1.gtimg.com/ninja/2/2017/02/ninja148690973990576.jpg,11002,[Image],49 ms
01:35:25.360,GET http://mat1.gtimg.com/www/images/qq2012/chanelNavBeta2_141013.jpg,10298,[Image],54 ms
01:35:25.360,GET http://mat1.gtimg.com/www/images/qq2012/qqlogo_1x.png,5838,[Image],67 ms
01:35:25.360,GET http://mat1.gtimg.com/www/images/qq2012/qqbg_1.6.1.png,17386,[Image],72 ms
01:35:25.370,GET http://img1.gtimg.com/ninja/2/2017/02/ninja148691003929634.jpg,10334,[Image],52 ms
01:35:25.375,GET http://img1.gtimg.com/news/pics/hv1/138/72/2186/142163148.jpg,19110,[Image],100 ms
01:35:25.377,GET http://img1.gtimg.com/ninja/2/2017/02/ninja148711635841285.jpg,14559,[Image],83 ms
01:35:25.379,GET http://img1.gtimg.com/ninja/2/2017/02/ninja148711998141131.jpg,6188,[Image],36 ms
01:35:25.403,GET http://mat1.gtimg.com/www/images/qq2012/loading.gif,936,[Image],32 ms
01:35:25.409,GET http://img1.gtimg.com/ninja/2/2017/02/ninja148711679090459.jpg,3401,[Image],36 ms
01:35:25.410,GET http://img1.gtimg.com/ninja/2/2017/02/ninja148710807268279.jpg,20779,[Image],56 ms
01:35:25.415,GET http://img1.gtimg.com/ninja/2/2017/02/ninja148711760810867.jpg,3367,[Image],51 ms
01:35:25.420,GET http://mat1.gtimg.com/fashion/images/index/2017/02/15/sjjd1.jpg,22054,[Image],37 ms
01:35:25.423,GET http://img1.gtimg.com/sports/pics/hv1/225/69/2186/142162470.png,17752,[Image],49 ms
01:35:25.430,GET http://mat1.gtimg.com/fashion/images/index/2017/02/15/sjjd2.jpg,21129,[Image],31 ms
01:35:25.435,GET http://img1.qq.com/www/pics/816/816587.gif,2366,[Image],31 ms
01:35:25.445,GET http://img1.gtimg.com/ninja/2/2017/02/ninja148711644912924.jpg,13433,[Image],36 ms
01:35:25.457,GET http://img1.qq.com/www/pics/6743/6743671.jpg,3113,[Image],23 ms
01:35:25.461,GET http://mat1.qq.com/www/images/ind36.gif,178,[MIME],304 ms
01:35:25.461,GET http://img1.gtimg.com/ninja/2/2017/02/ninja148671914065364.jpg,4623,[Image],53 ms
01:35:25.466,GET http://img1.gtimg.com/ninja/2/2017/02/ninja148671916327703.jpg,4076,[Image],48 ms
01:35:25.467,GET http://mat1.gtimg.com/www/images/qq2012/buliang.png,2219,[Image],32 ms
01:35:25.467,GET http://img1.gtimg.com/ninja/2/2017/01/ninja148386515632594.jpg,15784,[Image],65 ms
01:35:25.471,GET http://img1.gtimg.com/tech/pics/hv1/228/39/2062/134091723.jpg,4021,[Image],59 ms
01:35:25.475,GET http://img1.gtimg.com/tech/pics/hv1/153/40/2062/134091903.jpg,3114,[Image],37 ms
01:35:25.480,GET http://mat1.qq.com/www/images/allskin/wmlogo.gif,187,[MIME],285 ms
01:35:25.482,GET http://img1.gtimg.com/ninja/2/2017/02/ninja148711512495860.png,21801,[Image],44 ms
01:35:25.499,GET http://mat1.gtimg.com/www/images/qq2012/cxrz5.png,5195,[Image],33 ms
01:35:25.512,GET http://img1.gtimg.com/ninja/2/2017/02/ninja148711323271055.jpg,13770,[Image],47 ms
01:35:25.514,GET http://img1.gtimg.com/ninja/2/2017/02/ninja148711383986219.jpg,9698,[Image],48 ms
01:35:25.515,GET http://img1.gtimg.com/ninja/2/2017/02/ninja148705623557738.jpg,5261,[Image],37 ms
01:35:25.517,GET http://mat1.gtimg.com/www/images/qq2012/tabBg01_0702.png,730,[Image],37 ms
01:35:25.518,GET http://mat1.gtimg.com/www/images/qq2012/tabBg02_0702.png,705,[Image],30 ms
01:35:25.527,GET http://img1.gtimg.com/ninja/2/2017/02/ninja148711856729008.jpg,30265,[Image],61 ms
01:35:25.530,GET http://img1.gtimg.com/ninja/2/2017/02/ninja148711874111221.jpg,6820,[Image],56 ms
01:35:25.532,GET http://mat1.gtimg.com/www/images/qq2012/gswj2015.jpg,2829,[Image],31 ms
01:35:25.533,GET http://img1.gtimg.com/ninja/2/2017/02/ninja148711645668612.jpg,35695,[Image],49 ms
01:35:25.552,GET http://img1.gtimg.com/ninja/2/2017/02/ninja148703789868119.jpg,2638,[Image],39 ms
01:35:25.559,GET http://img1.gtimg.com/kid/pics/hv1/144/14/2186/142148364.jpg,3097,[Image],51 ms
01:35:25.562,GET http://img1.gtimg.com/kid/pics/hv1/71/163/2139/139130111.jpg,18138,[Image],51 ms
01:35:25.564,GET http://mat1.gtimg.com/www/images/qq2012/alphabg.png,1621,[Image],30 ms
01:35:25.582,GET http://img1.gtimg.com/kid/pics/hv1/201/190/2160/140502651.jpg,3668,[Image],53 ms
01:35:25.586,GET http://img1.gtimg.com/kid/pics/hv1/119/80/2177/141579944.jpg,3417,[Image],40 ms
01:35:25.587,GET http://img1.gtimg.com/kid/pics/hv1/131/189/2185/142127951.jpg,4347,[Image],53 ms
01:35:25.591,GET http://img1.gtimg.com/15/1500/150025/15002558_small.jpg,3554,[Image],46 ms
01:35:25.594,GET http://mat1.gtimg.com/www/images/qq2012/sogouSearchBtn.png,2048,[Image],29 ms
01:35:25.599,GET http://mat1.gtimg.com/www/images/qq2012/loginGrayIcon.png,3336,[Image],34 ms
01:35:25.610,GET http://img1.gtimg.com/ninja/2/2017/02/ninja148711757950202.jpg,3806,[Image],51 ms
01:35:25.614,GET http://img1.gtimg.com/ninja/2/2017/02/ninja148625252934742.jpg,5205,[Image],50 ms
01:35:25.623,GET http://mat1.gtimg.com/www/images/qq2012/mailIcon.png,1740,[Image],31 ms
01:35:25.626,GET http://img1.gtimg.com/rcdimg/20170215/08/12386023_108x70.jpg,12465,[Image],36 ms
01:35:25.633,GET http://mat1.gtimg.com/www/images/qq2012/qzoneIcon.png,1909,[Image],35 ms
01:35:25.635,GET http://img1.gtimg.com/ninja/2/2017/02/ninja148711961392970.jpg,16515,[Image],48 ms
01:35:25.637,GET http://img1.gtimg.com/ninja/2/2017/02/ninja148711986726799.jpg,2113,[Image],47 ms
01:35:25.640,GET http://img1.gtimg.com/ninja/2/2016/02/ninja145613279193247.jpg,28597,[Image],55 ms
01:35:25.654,GET http://mat1.gtimg.com/www/images/qq2012/weiboIcon.png,1830,[Image],34 ms
01:35:25.661,GET http://img1.gtimg.com/news/pics/hv1/148/73/2186/142163413.jpg,19021,[Image],58 ms
01:35:25.662,GET http://img1.gtimg.com/news/pics/hv1/171/73/2186/142163436.jpg,13823,[Image],45 ms
01:35:25.664,GET http://img1.gtimg.com/news/pics/hv1/9/74/2186/142163529.jpg,14559,[Image],60 ms
01:35:25.669,GET http://mat1.gtimg.com/www/images/qq2012/navMoreActived.png,1535,[Image],49 ms
01:35:25.683,GET http://img1.gtimg.com/news/pics/hv1/33/74/2186/142163553.jpg,13637,[Image],43 ms
01:35:25.684,GET http://img1.gtimg.com/astro/pics/hv1/70/75/2186/142163845.jpg,7283,[Image],49 ms
01:35:25.689,GET http://mat1.gtimg.com/www/images/qq2012/erweimaNews1.1.png,1591,[Image],31 ms
01:35:25.696,GET http://img1.gtimg.com/edu/pics/hv1/251/58/2186/142159691.jpg,25628,[Image],55 ms
01:35:25.708,GET http://img1.gtimg.com/finance/pics/hv1/209/50/2186/142157609.jpg,77346,[Image],96 ms
01:35:25.719,GET http://mat1.gtimg.com/www/images/qq2012/temp/iconNew.png,1988,[Image],30 ms
01:35:25.720,GET http://mat1.gtimg.com/www/images/qq2012/productNavBg1.5.516.png,1824,[Image],36 ms
01:35:25.720,GET http://img1.gtimg.com/cul/pics/hv1/181/72/2186/142163191.png,25150,[Image],51 ms
01:35:25.724,GET http://img1.gtimg.com/tech/pics/hv1/10/77/2186/142164295.jpg,6698,[Image],45 ms
01:35:25.727,GET http://img1.gtimg.com/housenews/pics/hv1/37/74/2186/142163557.jpg,8989,[Image],32 ms
01:35:25.733,GET http://img1.gtimg.com/auto/pics/hv1/162/74/2186/142163682.jpg,6197,[Image],45 ms
01:35:25.749,GET http://mat1.gtimg.com/www/images/qq2012/productNavBg1.4.png,3641,[Image],26 ms
01:35:25.751,GET http://img1.gtimg.com/rushidao/pics/hv1/167/74/2186/142163687.jpg,24319,[Image],56 ms
01:35:25.756,GET http://mat1.gtimg.com/www/images/qq2012/temp/astroIcon.png,4670,[Image],34 ms
01:35:25.759,GET http://img1.gtimg.com/comic/pics/hv1/160/52/2186/142158070.png,28852,[Image],34 ms
01:35:25.766,GET http://mat1.gtimg.com/www/images/allskin/wmlogo.gif,2351,[Image],43 ms
01:35:25.766,GET http://mat1.gtimg.com/www/images/ind36.gif,1344,[Image],31 ms
01:35:25.770,GET http://img1.gtimg.com/ent/pics/hv1/112/43/2186/142155727.jpg,5517,[Image],48 ms
01:35:25.771,GET http://img1.gtimg.com/digi/pics/hv1/74/249/2185/142143194.jpg,9596,[Image],51 ms
01:35:25.775,GET http://mat1.gtimg.com/www/images/qq2012/temp/yunshi.png,2176,[Image],35 ms
01:35:25.778,GET http://img1.gtimg.com/sports/pics/hv1/30/169/2185/142122750.jpg,7307,[Image],42 ms
01:35:25.790,GET http://mat1.gtimg.com/www/images/qq2012/adScrollBtn01.png,1506,[Image],36 ms
01:35:25.793,GET http://mat1.gtimg.com/www/images/qq2012/adScrollBtn02.png,1511,[Image],32 ms
01:35:25.797,GET http://mat1.gtimg.com/www/images/qq2012/bkysp20140623.png,11253,[Image],34 ms
01:35:25.804,GET http://mat1.gtimg.com/www/images/qq2012/jubaoFocus.png,9333,[Image],39 ms
01:35:25.807,GET http://jsqmt.qq.com/cdn_djl.js,574,[JavaScript],91 ms
01:35:25.810,GET http://mat1.gtimg.com/www/images/qq2012/btd.jpg,7765,[Image],28 ms
01:35:25.811,GET http://trace.qq.com/collect,147,[Image],55 ms
01:35:25.818,GET http://pingfore.qq.com/pingd,113,[Text],95 ms
01:35:25.821,GET http://qzonestyle.gtimg.cn/qzone/biz/ac/comm/qbscomm.20150907.js,6142,[JavaScript],57 ms
01:35:25.822,GET http://qzonestyle.gtimg.cn/qzone/biz/ac/comm/gdtlib.20160810.js,13262,[JavaScript],59 ms
01:35:25.825,GET http://qzonestyle.gtimg.cn/qzone/biz/ac/comm/ver.20160810.js,982,[JavaScript],60 ms
01:35:25.826,GET http://dp3.qq.com/dynamic,433,[JavaScript],78 ms
01:35:25.831,GET http://mat1.gtimg.com/www/images/qq2012/iconFloat.png,3185,[Image],35 ms
01:35:25.839,GET http://mat1.gtimg.com/www/images/qq2012/temp/picFocusCurrent.png,1558,[Image],27 ms
01:35:25.843,GET http://mat1.gtimg.com/www/images/qq2012/temp/picFocusDefault.png,1541,[Image],32 ms
01:35:25.866,GET http://mat1.gtimg.com/www/images/qq2012/focusBtnRightDefault.png,2239,[Image],31 ms
01:35:25.866,GET http://mat1.gtimg.com/www/images/qq2012/focusBtnLeftDefault.png,2259,[Image],36 ms
01:35:25.867,GET http://mat1.gtimg.com/www/images/qq2012/temp/iconNBA.png,2960,[Image],39 ms
01:35:25.875,GET http://mat1.gtimg.com/www/images/qq2012/alphabg_01.png,1579,[Image],34 ms
01:35:25.878,GET http://www.qq.com/c/guojixinwen.js,7276,[JavaScript],60 ms
01:35:25.881,GET http://mini2015.qq.com/ssitojson.htm,3633,[HTML],105 ms
01:35:25.886,GET http://app.data.qq.com/,2336,[HTML],21108 ms
01:35:25.897,GET http://vm.gtimg.cn/tencentvideo/txmp/js/txminiplayer.js,14596,[JavaScript],56 ms
01:35:25.898,GET http://mat1.gtimg.com/www/js/qq2012/suggestion_1.1.7_sogou.min.js,3290,[JavaScript],36 ms
01:35:25.901,GET http://i.match.qq.com/interface/getsub,304,[HTML],148 ms
01:35:25.904,GET http://fw.qq.com/ipaddress,174,[HTML],90 ms
01:35:25.906,GET http://mat1.gtimg.com/finance/js/st/p/qq/q_fin_v20151019135558.js,29533,[JavaScript],39 ms
01:35:25.909,GET http://mat1.gtimg.com/www/js/qq2012/smartboxRewrite1.7.js,4241,[JavaScript],39 ms
01:35:25.913,GET http://js.data.auto.qq.com/car_public/template/serial_py.js,50158,[JavaScript],165 ms
01:35:25.935,GET http://mat1.gtimg.com/apps/nbatoday/nba_today_matchlist.json,1057,[Text],36 ms
01:35:25.939,GET http://mat1.gtimg.com/www/images/qq2012/guide_k_01.png,12495,[Image],42 ms
01:35:25.945,GET http://btrace.qq.com/collect,147,[Image],61 ms
01:35:25.949,GET http://btrace.qq.com/collect,147,[Image],67 ms
01:35:25.954,GET http://mat1.gtimg.com/apps/vertical/vertical_china_oly_medal.json,1333,[Text],34 ms
01:35:25.971,GET http://l.qq.com/lview,9661,[JavaScript],105 ms
01:35:25.981,GET http://qos.report.qq.com/collect,169,[Text],190 ms
01:35:25.986,GET http://cm.l.qq.com/,141,[HTML],82 ms
01:35:26.007,GET http://inews.gtimg.com/newsapp_ls/0/1141502403_294195/0,23105,[Image],88 ms
01:35:26.016,GET http://qt.gtimg.cn/q=s_sh000001,284,[JavaScript],95 ms
01:35:26.049,GET http://h5like.qq.com/fcgi-bin/svideo_timeline,333,[JavaScript],106 ms
01:35:26.052,GET http://www.qq.com/ninja/newsHenanContent_public.htm,2479,[HTML],62 ms
01:35:26.056,GET http://www.qq.com/ninja/houseZhengzhouContent_public.htm,1999,[HTML],46 ms
01:35:26.059,GET http://www.qq.com/ninja/liveHenan_NOINCLUDE_WITHOUTPULL.htm,1015,[HTML],85 ms
01:35:26.060,GET http://www.qq.com/ninja/meishiHenan_NOINCLUDE_WITHOUTPULL.htm,1086,[HTML],89 ms
01:35:26.063,GET http://mat1.gtimg.com/www/images/qq2012/tabBg04_0702.png,679,[Image],43 ms
01:35:26.069,GET http://c.yes.youku.com/cm.gif,432,[HTML],125 ms
01:35:26.070,GET http://tencent.cm.admaster.com.cn/tadex/,455,[HTML],21155 ms
01:35:26.070,GET http://pix04.revsci.net/J13421/b3/0/3/0.302,2232,[MIME],173 ms
01:35:26.077,GET http://btrace.video.qq.com/kvcollect,147,[Image],55 ms
01:35:26.079,GET http://btrace.video.qq.com/kvcollect,147,[Image],85 ms
01:35:26.094,GET http://mat1.gtimg.com/www/images/qq2012/nbaBtnLeft.png,673,[Image],40 ms
01:35:26.095,GET http://wa.gtimg.com/website/201701/Oty_QNEV_20170112112451.jpg,24414,[Image],178 ms
01:35:26.095,GET http://ra.gtimg.com/web/res/icon/leftbottom_new.png,1482,[Image],46 ms
01:35:26.104,GET http://wa.gtimg.com/website/201701/jdhj_QNR_20170105205808.html,764,[HTML],108 ms
01:35:26.113,GET http://wa.gtimg.com/website/201612/snyscg_QW_20161230162910.html,649,[HTML],99 ms
01:35:26.113,GET http://mat1.gtimg.com/www/images/qq2012/nbaBtnRight.png,671,[Image],37 ms
01:35:26.119,GET http://wa.gtimg.com/website/201701/jdhj_QHU_20170105211028.html,763,[HTML],93 ms
01:35:26.132,GET http://mini2015.qq.com/ssitojson.htm,2550,[HTML],56 ms
01:35:26.135,GET http://inews.gtimg.com/newsapp_ls/0/1140590596_640330/0,39960,[Image],81 ms
01:35:26.150,GET http://mat1.gtimg.com/www/js/qq2012/weatherNew_1.6.js,4887,[JavaScript],35 ms
01:35:26.155,GET http://www.qq.com/c/lowprice.js,8163,[JavaScript],47 ms
01:35:26.164,GET http://btrace.qq.com/collect,147,[Image],30 ms
01:35:26.171,GET http://i.match.qq.com/qhome/uinterest,310,[HTML],147 ms
01:35:26.185,GET http://wa.gtimg.com/website/201701/Oty_D_20170118140542.jpg,23780,[Image],107 ms
01:35:26.188,GET http://wa.gtimg.com/website/201702/snygdz_QHbW_20170214171119.jpg,20090,[Image],119 ms
01:35:26.194,GET http://cm.l.qq.com/,251,[Image],74 ms
01:35:26.195,GET http://p.l.qq.com/p,305,[HTML],70 ms
01:35:26.203,GET http://img1.gtimg.com/ninja/2/2017/02/ninja148711924559954.jpg,26736,[Image],48 ms
01:35:26.216,GET http://img1.gtimg.com/18/1896/189674/18967401_small.png,24548,[Image],45 ms
01:35:26.250,GET http://img1.gtimg.com/henan/pics/hv1/51/48/2185/142091916.jpg,5226,[Image],45 ms
01:35:26.261,GET http://img1.gtimg.com/henan/pics/hv1/74/14/2186/142148294.jpg,18598,[Image],43 ms
01:35:26.265,GET http://img1.gtimg.com/ninja/2/2017/02/ninja148694929922025.jpg,30930,[Image],49 ms
01:35:26.283,GET http://h5vv.video.qq.com/getinfo,1409,[JavaScript],170 ms
01:35:26.292,GET http://weather.gtimg.cn/city/01011216.js,1494,[JavaScript],112 ms
01:35:26.296,GET http://mini2015.qq.com/ssitojson.htm,2981,[HTML],53 ms
01:35:26.305,GET http://inews.gtimg.com/newsapp_ls/0/1141521149/0,4703,[Image],29 ms
01:35:26.437,GET http://x.jd.com/exsites,15520,[HTML],186 ms
01:35:26.439,GET http://1.qtmojo.com/mediamax/MediaMax.js,4473,[JavaScript],31 ms
01:35:26.601,GET http://x.jd.com/exsites,16415,[HTML],165 ms
01:35:26.972,GET http://ra.gtimg.com/web/default_fodders/409x114_1.swf,29935,[MIME],45 ms
01:35:26.978,GET http://ra.gtimg.com/web/default_fodders/409x114_0.swf,31710,[MIME],78 ms
01:35:26.983,GET http://ra.gtimg.com/web/default_fodders/300x250_1.swf,30796,[MIME],124 ms
01:35:26.989,GET http://ra.gtimg.com/web/default_fodders/700x75_2.swf,22600,[MIME],119 ms
01:35:27.003,GET http://wmcdn.qtmojo.cn/adxcm_base.htm,518,[HTML],30 ms
01:35:27.102,GET http://btrace.qq.com/collect,147,[Image],42 ms
01:35:27.103,GET http://btrace.qq.com/collect,147,[Image],58 ms
01:35:27.103,GET http://btrace.qq.com/collect,147,[Image],60 ms
01:35:27.103,GET http://btrace.qq.com/collect,147,[Image],40 ms
01:35:27.104,GET http://btrace.qq.com/collect,147,[Image],63 ms
01:35:27.104,GET http://btrace.qq.com/collect,147,[Image],63 ms
01:35:27.117,GET http://mini2015.qq.com/ssitojson.htm,3092,[HTML],59 ms
01:35:27.118,GET http://inews.gtimg.com/newsapp_ls/0/1137526522/0,13036,[Image],37 ms
01:35:27.141,GET http://mat1.gtimg.com/www/images/qq2012/weather/20120906/cloudy.png,4138,[Image],38 ms
01:35:27.143,GET http://btrace.qq.com/collect,147,[Image],39 ms
01:35:27.145,GET http://btrace.qq.com/collect,147,[Image],29 ms
01:35:27.155,GET http://weather.gtimg.cn/aqi/cityrank.json,27283,[JavaScript],106 ms
01:35:27.162,GET http://btrace.qq.com/collect,147,[Image],28 ms
01:35:27.163,GET http://btrace.qq.com/collect,147,[Image],27 ms
01:35:27.167,GET http://btrace.qq.com/collect,147,[Image],25 ms
01:35:27.168,GET http://btrace.qq.com/collect,147,[Image],26 ms
01:35:27.172,GET http://mmae.qtmojo.com/x,6656,[HTML],108 ms
01:35:27.174,GET http://btrace.qq.com/collect,147,[Image],32 ms
01:35:27.176,GET http://btrace.video.qq.com/kvcollect,147,[Image],59 ms
01:35:27.181,GET http://btrace.qq.com/collect,147,[Image],34 ms
01:35:27.190,GET http://btrace.qq.com/collect,147,[Image],26 ms
01:35:27.191,GET http://btrace.qq.com/collect,147,[Image],28 ms
01:35:27.193,GET http://btrace.qq.com/collect,147,[Image],29 ms
01:35:27.194,GET http://btrace.qq.com/collect,147,[Image],27 ms
01:35:27.206,GET http://btrace.video.qq.com/kvcollect,147,[Image],33 ms
01:35:27.216,GET http://i.gtimg.cn/qqlive/images/20150608/blank.png,1279,[Image],120 ms
01:35:27.217,GET http://idigger.qtmojo.com/s,190,[Text],246 ms
01:35:27.219,GET http://idigger.qtmojo.com/s,190,[Text],244 ms
01:35:27.222,GET http://111.7.162.156/vhot2.qqvideo.tc.qq.com/t1684xe0jdm.mp4,560,[MIME],240 ms
01:35:27.223,GET http://btrace.video.qq.com/kvcollect,147,[Image],55 ms
01:35:27.228,GET http://static-alias-1.360buyimg.com/jzt/temp/js/_J.1.2.min.js,3885,[JavaScript],59 ms
01:35:27.229,GET http://static-alias-1.360buyimg.com/jzt/temp/js/turns.js,1895,[JavaScript],62 ms
01:35:27.229,GET http://static-alias-1.360buyimg.com/jzt/libs/behavior/v2/behavior.js,2092,[JavaScript],67 ms
01:35:27.335,GET http://static-alias-1.360buyimg.com/jzt/,10485,[JavaScript],90 ms
01:35:27.461,GET http://mini2015.qq.com/ssitojson.htm,3114,[HTML],60 ms
01:35:27.462,GET http://inews.gtimg.com/newsapp_ls/0/1138075811/0,5456,[Image],34 ms
01:35:27.463,GET http://ugc-vliveochy.tc.qq.com/vhot2.qqvideo.tc.qq.com/t1684xe0jdm.mp4,620,[MIME],283 ms
01:35:27.464,GET http://idigger.qtmojo.com/s,222,[Image],48 ms
01:35:27.464,GET http://idigger.qtmojo.com/s,222,[Image],53 ms
01:35:27.491,GET http://px.3.cn/prices/mgets,430,[JSON],67 ms
01:35:27.500,GET http://img1.360buyimg.com/da/jfs/t2176/38/116455295/2717/c576a8d2/55efcd1aN19509f1f.png,3069,[Image],130 ms
01:35:27.501,GET http://img1.360buyimg.com/cms/s256x256_jfs/t3844/294/819205446/212836/c1be3b1d/581bf58fN595cd86b.jpg,11799,[Image],104 ms
01:35:27.502,GET http://img1.360buyimg.com/cms/s256x256_jfs/t3220/353/3245214786/674254/63d6c7a9/57f1d33aN3e9aa514.jpg,24869,[Image],151 ms
01:35:27.507,GET http://img1.360buyimg.com/da/jfs/t181/152/1710372957/137/fc862484/53ba3868Nea2f6c42.png,487,[Image],121 ms
01:35:27.507,GET http://img1.360buyimg.com/cms/s256x256_g13/M05/08/03/rBEhVFNWMy4IAAAAAAHLCGMFzKEAAMS0ANx39AAAcsg736.jpg,4140,[Image],104 ms
01:35:27.508,GET http://img1.360buyimg.com/da/jfs/t2500/26/2180338544/1049/a84b7623/56a09650N968dfade.png,1401,[Image],109 ms
01:35:27.512,GET http://x.jd.com/file/images/logo.jpg,4282,[Image],42 ms
01:35:27.606,GET http://img1.360buyimg.com/cms/s64x64_jfs/t3844/294/819205446/212836/c1be3b1d/581bf58fN595cd86b.jpg,2208,[Image],45 ms
01:35:27.611,GET http://img1.360buyimg.com/cms/s64x64_jfs/t3220/353/3245214786/674254/63d6c7a9/57f1d33aN3e9aa514.jpg,2872,[Image],52 ms
01:35:27.617,GET http://img1.360buyimg.com/cms/s64x64_jfs/t3853/16/393724733/316100/ab539b8e/5850b6d5Nb4cf7817.jpg,2338,[Image],55 ms
01:35:27.628,GET http://img1.360buyimg.com/cms/s64x64_jfs/t1699/232/1044287790/231413/655240dd/55c1af57Nb6ef4f39.jpg,2798,[Image],64 ms
01:35:27.630,GET http://img1.360buyimg.com/cms/s64x64_jfs/t3844/16/2352504442/76198/7c288e61/5858d491N7f829d6b.jpg,1925,[Image],60 ms
01:35:27.651,GET http://img1.360buyimg.com/cms/s64x64_jfs/t3943/216/1305015388/90271/96aacebd/58745800N16d78862.jpg,2190,[Image],57 ms
01:35:27.653,GET http://img1.360buyimg.com/cms/s64x64_jfs/t2416/193/2650364574/135020/3baa6de9/56ea727fN841342a5.jpg,2114,[Image],47 ms
01:35:27.663,GET http://im-x.jd.com/dsp/np,217,[Image],109 ms
01:35:27.664,GET http://img1.360buyimg.com/cms/s64x64_g13/M05/08/03/rBEhVFNWMy4IAAAAAAHLCGMFzKEAAMS0ANx39AAAcsg736.jpg,1216,[Image],61 ms
01:35:27.665,GET http://img1.360buyimg.com/da/jfs/t1696/355/1134920435/1366/e45c2a66/55e40d3fN2a01189f.png,1717,[Image],59 ms
01:35:27.672,GET http://px.3.cn/prices/mgets,498,[JSON],52 ms
01:35:27.676,GET http://static-alias-1.360buyimg.com/jzt/logo/default/logoCir40.gif,4936,[Image],33 ms
01:35:27.676,GET http://img1.360buyimg.com/da/g15/M05/0E/1C/rBEhWlJYrAEIAAAAAAACetYAYQwAAECuwP__W4AAAKS951.png,984,[Image],65 ms
01:35:27.677,GET http://img1.360buyimg.com/imgb/s280x280_jfs/t3559/298/2228558089/4340/981090cd/58451898N1928067c.png,2665,[Image],73 ms
01:35:27.700,GET http://img1.360buyimg.com/imgb/s280x280_jfs/t3844/294/819205446/212836/c1be3b1d/581bf58fN595cd86b.jpg,13414,[Image],126 ms
01:35:27.747,GET http://112.29.192.43/vhot2.qqvideo.tc.qq.com/t1684xe0jdm.mp4,380310,[MIME],241 ms
01:35:27.831,GET http://cm.pos.baidu.com/allyes,229,[Image],105 ms
01:35:27.948,GET http://wmt.qtmojo.com/win,186,[HTML],498 ms
01:35:27.950,GET http://wmcdn.qtmojo.cn/wm/winmax/material/130/20170214/19_44_06_1F8B3A8A.jpg,28378,[Image],18 ms
01:35:27.951,GET http://idigger.qtmojo.com/s,190,[Text],165 ms
01:35:27.953,GET http://mmae.qtmojo.com/x,268,[HTML],75 ms
01:35:27.955,GET http://wmcdn.qtmojo.cn/wm/winmax/adlogo/suning/bottom.png,17533,[Image],17 ms
01:35:27.962,GET http://mini2015.qq.com/ssitojson.htm,3012,[HTML],50 ms
01:35:28.068,GET http://ra.gtimg.com/web/res/loadTimer.swf,369,[MIME],42 ms
01:35:28.084,GET http://im-x.jd.com/dsp/np,217,[Image],54 ms
01:35:28.117,GET http://idigger.qtmojo.com/s,222,[Image],45 ms
01:35:28.139,GET http://inews.gtimg.com/newsapp_ls/0/1141563341/0,11487,[Image],36 ms
01:35:28.140,GET http://inews.gtimg.com/newsapp_ls/0/1141538236/0,11592,[Image],64 ms
01:35:28.140,GET http://p.l.qq.com/p,305,[HTML],34 ms
01:35:28.321,GET http://btrace.video.qq.com/kvcollect,147,[Image],42 ms
01:35:30.508,GET http://img1.360buyimg.com/cms/s256x256_jfs/t3853/16/393724733/316100/ab539b8e/5850b6d5Nb4cf7817.jpg,13558,[Image],89 ms
01:35:30.671,GET http://im-x.jd.com/dsp/np,217,[Image],55 ms
01:35:30.672,GET http://img1.360buyimg.com/imgb/s280x280_jfs/t3220/353/3245214786/674254/63d6c7a9/57f1d33aN3e9aa514.jpg,29269,[Image],168 ms
01:35:30.963,GET http://jqmt.qq.com/cdn_dianjiliu.js,787,[JavaScript],6463 ms
01:35:31.006,GET http://im-x.jd.com/dsp/np,217,[Image],95 ms
01:35:33.509,GET http://img1.360buyimg.com/cms/s256x256_jfs/t1699/232/1044287790/231413/655240dd/55c1af57Nb6ef4f39.jpg,20249,[Image],128 ms
01:35:33.569,GET http://v.qq.com/iframe/clientpull.html,1007,[HTML],63 ms
01:35:33.644,GET http://vm.gtimg.cn/tencentvideo_v1/script/module/txv.core.client.js,35470,[JavaScript],35 ms
01:35:33.645,GET http://vm.gtimg.cn/tencentvideo_v1/script/module/txv.client.js,2725,[JavaScript],55 ms
01:35:33.733,GET http://mat1.gtimg.com/www/images/qq2012/temp/hdHoverIcon.png,1510,[Image],48 ms
01:35:33.785,GET http://im-x.jd.com/dsp/np,217,[Image],60 ms
01:35:33.786,GET http://img1.360buyimg.com/imgb/s280x280_jfs/t3853/16/393724733/316100/ab539b8e/5850b6d5Nb4cf7817.jpg,15043,[Image],91 ms
01:35:34.006,GET http://im-x.jd.com/dsp/np,217,[Image],139 ms
01:35:34.014,GET http://btrace.qq.com/collect,147,[Image],26 ms
01:35:34.014,GET http://btrace.video.qq.com/kvcollect,147,[Image],41 ms
01:35:34.313,GET http://mat1.gtimg.com/www/images/qq2012/focusBtnRightHover2.png,1666,[Image],35 ms
01:35:34.314,GET http://mat1.gtimg.com/www/images/qq2012/focusBtnLeftHover2.png,1662,[Image],36 ms
01:35:36.509,GET http://img1.360buyimg.com/cms/s256x256_jfs/t3844/16/2352504442/76198/7c288e61/5858d491N7f829d6b.jpg,8151,[Image],85 ms
01:35:36.668,GET http://im-x.jd.com/dsp/np,217,[Image],75 ms
01:35:36.669,GET http://img1.360buyimg.com/imgb/s280x280_jfs/t1699/232/1044287790/231413/655240dd/55c1af57Nb6ef4f39.jpg,23658,[Image],171 ms
01:35:37.002,GET http://im-x.jd.com/dsp/np,217,[Image],58 ms
01:35:39.509,GET http://img1.360buyimg.com/cms/s256x256_jfs/t3943/216/1305015388/90271/96aacebd/58745800N16d78862.jpg,13478,[Image],89 ms
01:35:39.668,GET http://img1.360buyimg.com/imgb/s280x280_jfs/t3844/16/2352504442/76198/7c288e61/5858d491N7f829d6b.jpg,8888,[Image],89 ms
01:35:39.668,GET http://im-x.jd.com/dsp/np,217,[Image],51 ms
01:35:40.001,GET http://im-x.jd.com/dsp/np,217,[Image],82 ms
01:35:42.509,GET http://img1.360buyimg.com/cms/s256x256_jfs/t2416/193/2650364574/135020/3baa6de9/56ea727fN841342a5.jpg,8315,[Image],46 ms
01:35:42.668,GET http://im-x.jd.com/dsp/np,217,[Image],54 ms
01:35:42.669,GET http://img1.360buyimg.com/imgb/s280x280_jfs/t3943/216/1305015388/90271/96aacebd/58745800N16d78862.jpg,15420,[Image],90 ms
01:35:42.998,GET http://im-x.jd.com/dsp/np,217,[Image],55 ms
01:35:45.670,GET http://im-x.jd.com/dsp/np,217,[Image],74 ms
01:35:45.670,GET http://img1.360buyimg.com/imgb/s280x280_jfs/t2416/193/2650364574/135020/3baa6de9/56ea727fN841342a5.jpg,9606,[Image],48 ms
01:35:45.999,GET http://im-x.jd.com/dsp/np,217,[Image],89 ms
01:35:48.068,GET http://mat1.gtimg.com/www/js/common1.4.js,3464,[JavaScript],37 ms
01:35:48.074,GET http://mat1.gtimg.com/www/icon/favicon2.ico,5943,[Image],35 ms
01:35:48.669,GET http://im-x.jd.com/dsp/np,217,[Image],52 ms
01:35:48.670,GET http://img1.360buyimg.com/imgb/s280x280_g13/M05/08/03/rBEhVFNWMy4IAAAAAAHLCGMFzKEAAMS0ANx39AAAcsg736.jpg,4658,[Image],49 ms
01:35:48.998,GET http://im-x.jd.com/dsp/np,217,[Image],58 ms
01:35:49.129,GET http://zyjc.sec.qq.com/cr,222,[HTML],74 ms
01:35:49.129,GET http://zyjc.sec.qq.com/cr,222,[HTML],75 ms
01:35:51.669,GET http://im-x.jd.com/dsp/np,217,[Image],72 ms
01:35:51.670,GET http://img1.360buyimg.com/imgb/s280x280_jfs/t3817/52/2604162828/72244/437fe370/58639605N2438872b.jpg,28383,[Image],130 ms
01:35:54.668,GET http://im-x.jd.com/dsp/np,217,[Image],54 ms
01:35:54.668,GET http://img1.360buyimg.com/imgb/s280x280_jfs/t2383/200/772697490/28681/2d054d7c/5629a3d7N519afd71.jpg,6368,[Image],67 ms
01:35:57.669,GET http://im-x.jd.com/dsp/np,217,[Image],68 ms
01:35:57.670,GET http://img1.360buyimg.com/imgb/s280x280_jfs/t1381/40/1124277747/155756/a228b66b/55bb3a98N9081dc8b.jpg,17579,[Image],109 ms
01:36:00.668,GET http://im-x.jd.com/dsp/np,217,[Image],52 ms
01:36:00.669,GET http://img1.360buyimg.com/imgb/s280x280_jfs/t3856/200/1073495270/140286/88acdd1a/586a0fbeN0c77db35.jpg,13278,[Image],48 ms
,,,,
yahoo.com,,,,
Time,Request,Resp. Size,Analysis,Total time
02:14:57.408,GET http://www.yahoo.com/,100965,[HTML],119 ms
02:14:57.557,GET https://www.yahoo.com/,101319,[HTML],366 ms
02:14:57.998,GET https://www.yahoo.com/sy/zz/combo,22622,[TXT],152 ms
02:14:57.998,GET https://www.yahoo.com/sy/os/fp/atomic-css.a3a14760.css,19419,[TXT],111 ms
02:14:58.047,GET https://www.yahoo.com/sy/zz/combo,39341,[TXT],164 ms
02:14:58.072,GET https://www.yahoo.com/sy/rq/darla/2-9-9/js/g-r-min.js,83870,[JavaScript],218 ms
02:14:59.314,GET https://www.yahoo.com/sy/uu/api/res/1.2/N.FBlCwN0PqNFv13kCCYtQ--/Zmk9c3RyaW07aD0xNjA7cHlvZmY9MDtxPTgwO3c9MzQwO3NtPTE7YXBwaWQ9eXRhY2h5b24-/http://l.yimg.com/nn/fp/rsz/021417/images/smush/1spicer-flynnNTK_1404x756_1487098710.jpg.cf.jpg,11983,[Image],124 ms
02:14:59.314,GET https://www.yahoo.com/sy/uu/api/res/1.2/UIuBLCdreNl_1EwRzZ5Z9A--/Zmk9c3RyaW07aD0zNzg7cHlvZmY9MDtxPTk1O3c9NjcyO3NtPTE7YXBwaWQ9eXRhY2h5b24-/http://l.yimg.com/nn/fp/rsz/021417/images/smush/axl1_1404x756_1487111886.jpg.cf.jpg,101552,[Image],71 ms
02:14:59.315,GET https://www.yahoo.com/sy/uu/api/res/1.2/63ew4AcbXZEA_J7lEhDkOA--/Zmk9c3RyaW07aD0xNjA7cHlvZmY9MDtxPTgwO3c9MzQwO3NtPTE7YXBwaWQ9eXRhY2h5b24-/http://l.yimg.com/nn/fp/rsz/021417/images/smush/trumpbrand_1404x756_1487105695.jpg.cf.jpg,13473,[Image],125 ms
02:14:59.315,GET https://www.yahoo.com/sy/uu/api/res/1.2/myiDfGEUSdd5f5mQRo1nEw--/Zmk9c3RyaW07aD0xNjA7cHlvZmY9MDtxPTgwO3c9MzQwO3NtPTE7YXBwaWQ9eXRhY2h5b24-/http://l.yimg.com/nn/fp/rsz/021417/images/smush/jeter-si-acc_1404x756_1487094526.jpg.cf.jpg,12682,[Image],124 ms
02:14:59.316,GET https://www.yahoo.com/sy/uu/api/res/1.2/XoQRpzmpjg0RrV9cB3aZTw--/Zmk9c3RyaW07aD0xNjA7cHlvZmY9MDtxPTgwO3c9MzQwO3NtPTE7YXBwaWQ9eXRhY2h5b24-/http://l.yimg.com/nn/fp/rsz/021417/images/smush/santana_beyonce-ntk_1404x756_1487116267.jpg.cf.jpg,18427,[Image],126 ms
02:14:59.316,GET https://www.yahoo.com/sy/uu/api/res/1.2/qjq9NYCUxV0ZQL3A9jwt9g--/Zmk9c3RyaW07aD0xNjA7cHlvZmY9MDtxPTgwO3c9MzQwO3NtPTE7YXBwaWQ9eXRhY2h5b24-/http://l.yimg.com/nn/fp/rsz/021417/images/smush/meeks1_1404x756_1487103724.jpg.cf.jpg,14202,[Image],262 ms
02:14:59.317,GET https://www.yahoo.com/sy/uu/api/res/1.2/dnui6Ot8bamZqVf5aoJEUQ--/Zmk9c3RyaW07aD0yMTQ7cHlvZmY9MDtxPTgwO3c9MzgwO3NtPTE7YXBwaWQ9eXRhY2h5b24-/http://slingstone.zenfs.com/offnetwork/d16fe1b3fe6f7d14b0c1d8d6c021481c,11639,[Image],126 ms
02:14:59.318,GET https://www.yahoo.com/sy/uu/api/res/1.2/evEwOc7yCJVN2VG52tKIqQ--/Zmk9c3RyaW07aD0xOTg7cHlvZmY9MDtxPTgwO3c9MzgwO3NtPTE7YXBwaWQ9eXRhY2h5b24-/http://l.yimg.com/av/curveball/ads/pr/RESIZE_AND_CROP/1200x627/806208192064a6ed83ed95035371b3ce.jpeg,8563,[Image],125 ms
02:14:59.318,GET https://www.yahoo.com/sy/uu/api/res/1.2/ZbTcODXPmujF7laNcVqqLg--/Zmk9c3RyaW07aD0zODY7cHlvZmY9MDtxPTgwO3c9NDQwO3NtPTE7YXBwaWQ9eXRhY2h5b24-/http://media.zenfs.com/en-US/homerun/popular_mechanics_642/262d7b2697dadb8abb003f8f3d07980f,42241,[Image],261 ms
02:14:59.319,GET https://www.yahoo.com/sy/uu/api/res/1.2/mjfyIRCZqv5cKOaDAteeeQ--/Zmk9c3RyaW07aD0xNDA7cHlvZmY9MDtxPTkwO3c9MTQwO3NtPTE7YXBwaWQ9eXRhY2h5b24-/http://slingstone.zenfs.com/offnetwork/f65f1a882062d2f83d082091204af21f,7759,[Image],261 ms
02:14:59.320,GET https://www.yahoo.com/sy/uu/api/res/1.2/.0KkSy23h78fNRg9uhdn3g--/Zmk9c3RyaW07aD0zODY7cHlvZmY9MDtxPTgwO3c9NDQwO3NtPTE7YXBwaWQ9eXRhY2h5b24-/http://media.zenfs.com/en/homerun/feed_manager_auto_publish_494/b44a12b6070ed00fb3aced51f2898671,29906,[Image],126 ms
02:14:59.320,GET https://www.yahoo.com/sy/uu/api/res/1.2/uzPYW_ztzZUSzGR_sVcufA--/Zmk9c3RyaW07aD0xNDA7cHlvZmY9MDtxPTkwO3c9MTQwO3NtPTE7YXBwaWQ9eXRhY2h5b24-/http://d.yimg.com/hd/abclocalnews/1/4/2d73cb7e-04b6-44b4-924b-46caa4a08c56_HPOVQXdxDpmwLaRKxNIm3TkpVX7dqoFCCmn2H5AywaSvuBU8RuseXwDL0SLSpNFXOEir_VOgh1Q-_2_0.jpg,9387,[Image],259 ms
02:14:59.321,GET https://www.yahoo.com/sy/uu/api/res/1.2/lcaYzgMVgCGQNCz6VnajPg--/Zmk9c3RyaW07aD0xNDA7cHlvZmY9MDtxPTkwO3c9MTQwO3NtPTE7YXBwaWQ9eXRhY2h5b24-/http://media.zenfs.com/en-us/video/video.cbsnewsvideos.com/276d717554210bff965cfd5faa25a51a,10161,[Image],126 ms
02:14:59.321,GET https://www.yahoo.com/sy/uu/api/res/1.2/5Y770Mk4vN.n3p.96WR_7w--/Zmk9c3RyaW07aD0xNDA7cHlvZmY9MDtxPTkwO3c9MTQwO3NtPTE7YXBwaWQ9eXRhY2h5b24-/http://globalfinance.zenfs.com/images/SG_AHTTP_AP_FINANCIALTIMES/eda53a6883344bc9bc3c5e6bafb7c02f_original.jpg.cf.jpg,6300,[Image],126 ms
02:14:59.322,GET https://www.yahoo.com/sy/os/mit/ape/w/d8f6e02/dark/partly_cloudy_day.png,3114,[Image],126 ms
02:14:59.322,GET https://www.yahoo.com/sy/os/mit/ape/m/81f43c2/t.gif,642,[Image],126 ms
02:14:59.323,GET https://www.yahoo.com/sy/os/mit/ape/w/d8f6e02/dark/fair_day.png,3193,[Image],127 ms
02:14:59.323,GET https://www.yahoo.com/sy/uu/api/res/1.2/mV9gahAEK3mhJXn4d.UZ3g--/Zmk9c3RyaW07aD00MTQ7cHlvZmY9MDtxPTgwO3c9NDE0O3NtPTE7YXBwaWQ9eXRhY2h5b24-/http://l.yimg.com/cv/ae/default/170214/love-honor.jpg,22678,[Image],176 ms
02:14:59.324,GET https://www.yahoo.com/sy/zz/combo,165414,[JavaScript],248 ms
02:14:59.324,GET https://www.yahoo.com/sy/uu/api/res/1.2/3zCZkX.zeQnO69I6NUidaA--/Zmk9c3RyaW07aD00MTQ7cHlvZmY9MDtxPTgwO3c9NDE0O3NtPTE7YXBwaWQ9eXRhY2h5b24-/http://l.yimg.com/cv/ae/default/170214/ross-rachel.jpg,28297,[Image],178 ms
02:14:59.325,GET https://www.yahoo.com/sy/zz/combo,159520,[JavaScript],247 ms
02:14:59.331,GET https://www.yahoo.com/sy/zz/combo,6610,[JavaScript],242 ms
02:14:59.370,GET https://s.yimg.com/dh/ap/default/170206/bh_eyebrow.png,8485,[Image],78 ms
02:14:59.371,GET https://s.yimg.com/dh/ap/default/160115/fuji-spinner-2.gif,21146,[Image],211 ms
02:14:59.371,GET https://s.yimg.com/zz/nn/lib/metro/g/my/yahoo_en-US_f_p_190x45_2x.png,9200,[Image],147 ms
02:14:59.377,GET https://s.yimg.com/rq/darla/2-9-9/html/r-csc.html,1816,[HTML],205 ms
02:14:59.381,GET https://s.yimg.com/rq/darla/2-9-9/html/r-sf.html,1328,[HTML],201 ms
02:15:00.159,GET https://s.yimg.com/rq/darla/2-9-9/js/sfext-min.js,28574,[JavaScript],132 ms
02:15:00.161,GET https://s.yimg.com/rq/darla/2-9-9/html/r-sf.html,¡ª,[HTML],0 ms
02:15:00.234,GET https://www.yahoo.com/sy/lq/lib/3pm/cs_0.2.js,1554,[JavaScript],61 ms
02:15:00.238,GET https://beap-bc.yahoo.com/yi,533,[Image],198 ms
02:15:00.240,GET https://s.yimg.com/rq/sbox/bv.js,976,[JavaScript],67 ms
02:15:00.474,GET https://s.yimg.com/zz/combo,45666,[JavaScript],132 ms
02:15:00.533,GET https://sb.scorecardresearch.com/p,663,[Image],937 ms
02:15:00.536,GET https://s.yimg.com/rq/sbox/bv2.html,1730,[HTML],70 ms
02:15:00.536,GET https://pr-bh.ybp.yahoo.com/fac-sync,367,[Image],428 ms
02:15:00.569,GET https://s.yimg.com/rq/darla/2-9-9/js/sfext-min.js,¡ª,[JavaScript],0 ms
02:15:00.580,GET https://na.ads.yahoo.com/yax/banner,1726,[JavaScript],241 ms
02:15:00.682,GET https://na.ads.yahoo.com/yax/banner,1726,[JavaScript],525 ms
02:15:00.879,GET https://geo-um.btrll.com/v1/map_pixel/sb-uncapped,792,[JavaScript],311 ms
02:15:00.910,POST https://udc.yahoo.com/v2/public/yql,2005,[MIME],261 ms
02:15:00.915,GET https://s.yimg.com/zz/combo,13022,[JavaScript],68 ms
02:15:00.916,GET https://www.yahoo.com/sy/zz/combo,7384,[JavaScript],66 ms
02:15:01.088,GET https://s.yimg.com/zz/combo,4097,[JavaScript],67 ms
02:15:01.462,GET https://www.yahoo.com/p.gif,667,[Image],181 ms
02:15:01.474,GET https://www.yahoo.com/_td_api/beacon/info,¡ª,[Image],123 ms
02:15:01.481,GET https://pagead2.googlesyndication.com/pagead/js/adsbygoogle.js,20188,[JavaScript],505 ms
02:15:01.483,GET https://ads.yahoo.com/get-user-id,1248,[JavaScript],289 ms
02:15:01.506,POST https://www.yahoo.com/_td_api,83077,[JSON],353 ms
02:15:01.519,OPTIONS https://comet.yahoo.com/comet,¡ª,[Text],540 ms
02:15:01.525,GET https://geo-um.btrll.com/v1/map_pixel/sb/37.png,554,[Image],38 ms
02:15:01.526,GET https://geo-um.btrll.com/v1/map_pixel/sb/41.png,674,[Image],79 ms
02:15:01.526,GET https://geo-um.btrll.com/v1/map_pixel/sb/70.png,567,[Image],109 ms
02:15:01.613,GET https://www.yahoo.com/lib/metro/g/myy/rapidworker_1_2_0.0.4.js,7763,[JavaScript],65 ms
02:15:01.617,GET https://x.bidswitch.net/check_uuid/https%3A%2F%2Fpr-bh.ybp.yahoo.com%2Fsync%2Fiponweb%2Fcsrc%2F7%2F%3Fbidswitch_ssp_id%3Dbrx%26ssp_user_id%3D%24%7BBSW_UUID%7D,629,[Image],506 ms
02:15:01.647,GET https://sb.scorecardresearch.com/p2,309,[Image],43 ms
02:15:01.665,GET https://csync.flickr.com/csync,41,[Text],2839 ms
02:15:01.697,GET https://geo-um.btrll.com/v1/map_pixel/sb/34.png,787,[Image],39 ms
02:15:01.698,GET https://geo-um.btrll.com/v1/map_pixel/sb/45.png,772,[Image],45 ms
02:15:01.698,GET https://geo-um.btrll.com/v1/map_pixel/sb/12.png,735,[Image],40 ms
02:15:01.769,GET https://pix04.revsci.net/J13421/a1/0/3/match.302,788,[Image],100 ms
02:15:01.807,GET https://sync.adaptv.advertising.com/sync,593,[Image],171 ms
02:15:01.882,GET https://cm.g.doubleclick.net/pixel,778,[Image],42775 ms
02:15:01.945,GET https://sync.mathtag.com/sync/img,615,[Image],243 ms
02:15:01.946,GET https://ads.yahoo.com/get-user-id,1248,[JavaScript],82 ms
02:15:01.948,GET https://image2.pubmatic.com/AdServer/UCookieSetPug,455,[Image],186 ms
02:15:02.059,GET https://rtd.tubemogul.com/upi/pid/273jc83s,619,[Image],509 ms
02:15:02.060,GET https://pr-bh.ybp.yahoo.com/sync/brightroll/3WKO5pEmBXnIBMAuNGg&n=1487124901,240,[Image],118 ms
02:15:02.070,GET https://match.adsrvr.org/track/cmf/generic,712,[Image],160 ms
02:15:02.103,POST https://udc.yahoo.com/v2/public/yql,8395,[MIME],259 ms
02:15:02.219,GET https://geo-um.btrll.com/v1/map_pixel/sb/15.png,1068,[Image],37 ms
02:15:02.240,GET https://pagead2.googlesyndication.com/pub-config/r20160913/ca-pub-6785382607161389.js,559,[JavaScript],66 ms
02:15:02.244,GET https://googleads.g.doubleclick.net/pagead/html/r20170208/r20170110/zrt_lookup.html,7235,[HTML],106 ms
02:15:02.244,GET https://pagead2.googlesyndication.com/pagead/js/r20170208/r20170110/show_ads_impl.js,67199,[JavaScript],161 ms
02:15:02.289,POST https://udc.yahoo.com/v2/public/yql,4998,[MIME],257 ms
02:15:02.456,POST https://udc.yahoo.com/v2/public/yql,2291,[MIME],251 ms
02:15:02.509,GET https://www.yahoo.com/_td_api/resource/contentList;ad_meta=true;app_name=mega;category=undefined;curveball=%7B%22sectionId%22%3A4250754%2C%22positionThreshold%22%3A200%2C%22enabled%22%3Afalse%2C%22count%22%3A5%2C%22lowerBound%22%3A2%2C%22fromContentAPI%22%3A0%2C%22fromCurveballAPI%22%3A1%2C%22enableBeaconListenerOnly%22%3Atrue%2C%22enableVisibilityRect%22%3Atrue%2C%22adChoicesUrl%22%3A%22https%3A%2F%2Finfo.yahoo.com%2Fprivacy%2Fus%2Fyahoo%2Frelevantads.html%22%7D;enableIframeAutoPlayException=true;entities_enabled=true;forceRedisRead=true;imageResize=true;include_category_data=true;lazyLoad=true;linkYlk=itc%3A0%2Celm%3Acontext_link%3B;nydc_content=true;offnetDeeplink=true;page_design=modal;page_type=content;resizeIframeUrl=true;resizeSlideshowEnabled=true;supplySegments_enabled=true;useSSSummary=true;use_cap_summary=true;use_mags_nydc=true;use_ss_ycts=true;user_segment=0;uuids=47eb43e4-1240-3db0-9bbb-aac13642e8a5%2C04b4108b-2c37-3e40-8e21-086d903d671a%2C2f92ae51-d28e-3302-8b85-df7c24b80350%2C5b01e36a-669f-3af5-884f-4d53d0921bc2%2Cd6290908-fbc4-33c6-bd1c-f9c316236509%2C2eafd97c-aeed-3142-90f2-2d288f1b4ad7%2Cf64501cb-6c72-38be-b8b3-b97ff55ffb82%2C048b48c5-f1b0-3f67-b321-2bd07c4b7e70%2C16bfae23-954a-3874-a308-8efbd2d359b7%2Ca9580dfa-214e-32b8-a5ca-948364b9fa57;videoEnrichment=true;yqlResizeEnabled=true,20188,[JSON],271 ms
02:15:02.591,GET https://geo-um.btrll.com/v1/map/c76f615f1b0baa15/ccfgo0hca7ed1/,525,[Image],38 ms
02:15:02.719,GET https://googleads.g.doubleclick.net/pagead/ads,876,[HTML],709 ms
02:15:02.719,GET https://pagead2.googlesyndication.com/pagead/osd.js,29320,[JavaScript],74 ms
02:15:02.725,GET https://pixel.tapad.com/idsync/ex/receive,629,[Image],185 ms
02:15:02.743,POST https://udc.yahoo.com/v2/public/yql,8828,[MIME],253 ms
02:15:02.804,GET https://googleads.g.doubleclick.net/pagead/ads,1645,[HTML],261 ms
02:15:02.811,GET https://csync.yahooapis.com/csync,548,[Text],494 ms
02:15:02.893,GET https://geo-um.btrll.com/v1/map/8ce6ac1ff5f5cd2f/2935083043725848844-VB8ecd2a88-f324-11e6-855b-062e5a4165a3/,525,[Image],44 ms
02:15:02.962,GET https://cache.btrll.com/default/Pix-1x1.gif,554,[Image],184 ms
02:15:02.978,GET https://pr-bh.ybp.yahoo.com/sync/iponweb/csrc/7/,262,[Image],287 ms
02:15:02.982,GET https://pix04.revsci.net/J13421/a1/Z/3/match.302,862,[Image],45 ms
02:15:03.353,GET https://geo-um.btrll.com/v1/map/28eda12c1e0f2565/BLPwGCRLNl4uaLaMQR1z1zl4ogPq/,525,[Image],37 ms
02:15:03.508,GET https://comet.yahoo.com/comet,575,[JavaScript],249 ms
02:15:03.509,GET https://comet.yahoo.com/comet,575,[JavaScript],514 ms
02:15:03.509,GET https://comet.yahoo.com/comet,576,[JavaScript],495 ms
02:15:03.513,GET https://comet.yahoo.com/comet,576,[JavaScript],503 ms
02:15:03.513,GET https://comet.yahoo.com/comet,576,[JavaScript],506 ms
02:15:03.544,GET https://sync.mathtag.com/sync/img,615,[Image],97 ms
02:15:03.578,GET https://x.bidswitch.net/sync,402,[Image],91 ms
02:15:03.609,GET https://sync.mathtag.com/sync/img,663,[Image],88 ms
02:15:03.733,GET https://s.yimg.com/ja/ap/adxbackup/OIEE_970x250.html,917,[HTML],66 ms
02:15:03.746,GET https://match.adsrvr.org/track/cmb/generic,725,[Image],76 ms
02:15:03.747,GET https://image2.pubmatic.com/AdServer/UCookieSetPug,455,[Image],68 ms
02:15:03.930,GET https://na.ads.yahoo.com/yax/banner,1247,[HTML],230 ms
02:15:04.018,GET https://sync.mathtag.com/sync/img,482,[Image],93 ms
02:15:04.025,GET https://geo-um.btrll.com/v1/map/3c5a334a19c22e06/108002d9-f11c-43eb-83e7-e31758f0a2e9/,525,[Image],42 ms
02:15:04.030,GET https://geo-um.btrll.com/v1/map/a4dd7f3b7ef38c39/8f7c7791-f324-11e6-bece-005056a27d22/,525,[Image],42 ms
02:15:04.074,GET https://s.yimg.com/ja/ap/adxbackup/OIEE_970x250.jpg,97244,[Image],198 ms
02:15:04.099,GET https://rtd.tubemogul.com/ct/upi/pid/273jc83s,519,[Image],1129 ms
02:15:04.156,GET https://geo-um.btrll.com/v1/map/46336a98d9d650b7/9ab09304-0401-4103-a142-4b84a3049825/,525,[Image],37 ms
02:15:04.243,GET http://image2.pubmatic.com/AdServer/UCookieSetPug,437,[Image],73 ms
02:15:04.348,GET https://cache.btrll.com/default/Pix-1x1.gif,451,[Image],87 ms
02:15:04.379,GET https://s.yimg.com/ja/ap/backupads/300x600_OIEE_UK.jpg,38326,[Image],71 ms
02:15:04.505,GET http://image2.pubmatic.com/AdServer/UCookieSetPug,437,[Image],73 ms
02:15:04.577,GET https://pr-bh.ybp.yahoo.com/sync/pubmatic/csrc/3/F8FB7099-F2D1-405B-AC8F-B364235EDF58,189,[Image],119 ms
02:15:04.788,GET https://ads.yahoo.com/get-user-id,583,[Image],85 ms
02:15:04.905,GET https://pr-bh.ybp.yahoo.com/sync/pubmatic/csrc/3/21F5918A-F252-41B1-BEDC-C2BF103CBFBC,189,[Image],117 ms
02:15:05.153,GET https://e.nexac.com/e/yahoo_sync.xgi,630,[Image],1251 ms
02:15:05.163,GET https://geo-um.btrll.com/v1/map/1292d27a548c5efd/-3899039785517720073/,525,[Image],38 ms
02:15:05.497,POST https://comet.yahoo.com/comet,788,[JSON],5033 ms
02:15:06.044,GET https://geo.yahoo.com/c,532,[Image],247 ms
02:15:06.231,POST https://udc.yahoo.com/v2/public/yql,3887,[MIME],257 ms
02:15:06.277,GET https://e.nexac.com/e/xrefid.xgi,548,[Image],357 ms
02:15:12.567,POST https://comet.yahoo.com/comet,1336,[JSON],247 ms
,,,,
wikipedia.com,,,,
Time,Request,Resp. Size,Analysis,Total time
02:16:48.191,GET https://wikipedia.org/,19986,[HTML],612 ms
02:16:48.824,GET https://www.wikipedia.org/,19939,[HTML],407 ms
02:16:49.321,GET https://www.wikipedia.org/portal/wikipedia.org/assets/img/Wikipedia_wordmark.png,2035,[Image],205 ms
02:16:49.322,GET https://www.wikipedia.org/portal/wikipedia.org/assets/img/Wikipedia-logo-v2.png,13288,[Image],211 ms
02:16:49.324,GET https://www.wikipedia.org/portal/wikipedia.org/assets/js/index-4398b00936.js,9766,[JavaScript],208 ms
02:16:49.324,GET https://www.wikipedia.org/portal/wikipedia.org/assets/js/gt-ie9-c84bf66d33.js,1233,[JavaScript],260 ms
02:16:49.601,GET https://www.wikipedia.org/portal/wikipedia.org/assets/img/sprite-icons.png,1671,[Image],203 ms
02:16:49.602,GET https://www.wikipedia.org/portal/wikipedia.org/assets/img/sprite-project-logos.png,8398,[Image],205 ms
02:16:49.812,GET https://www.wikipedia.org/portal/wikipedia.org/assets/l10n/zh-1c501ded.json,1517,[JSON],202 ms
